#,Album,Artist,Year
1,Kind Of Blue,Miles Davis,1959
2,Time Out,The Dave Brubeck Quartet,1959
3,Joan Baez (self titled),Joan Baez,1960
4,With The Beatles,The Beatles,1963
5,A Hard Day's Night,The Beatles,1964
6,A Love Supreme,John Coltrane,1965
7,Live At The Regal,B.B. King,1965
8,Rubber Soul,The Beatles,1965
9,Revolver,The Beatles,1966
10,Pet Sounds,The Beach Boys,1966
11,Blonde On Blonde,Bob Dylan,1966
12,Sgt. Pepper's Lonely Hearts Club Band,The Beatles,1967
13,The Velvet Underground & Nico,The Velvet Underground & Nico (3),1967
14,The Doors (self titled),The Doors,1967
15,Sunshine Superman,Donovan,1966
16,Are You Experienced,The Jimi Hendrix Experience,1967
17,Axis: Bold As Love,The Jimi Hendrix Experience,1967
18,Beggars Banquet,Rolling Stones,1968
19,Electric Ladyland,The Jimi Hendrix Experience,1968
20,At Folsom Prison,Johnny Cash,1968
21,Lady Soul,Aretha Franklin,1968
22,Cheap Thrills,Big Brother & The Holding Company,1968
23,Truth,Jeff Beck,1968
24,The Beatles (White Album),The Beatles,1968
25,Everybody Knows This Is Nowhere,Neil Young With Crazy Horse,1969
26,Bayou Country,Creedence Clearwater Revival,1969
27,The Gilded Palace Of Sin,The Flying Burrito Bros,1969
28,Green River,Creedence Clearwater Revival,1969
29,Abbey Road,The Beatles,1969
30,Let It Bleed,Rolling Stones,1969
31,Five Leaves Left,Nick Drake,1969
32,From Elvis In Memphis,Elvis Presley,1969
33,The Velvet Underground (self titled),The Velvet Underground,1969
34,Led Zeppelin (self titled),Led Zeppelin,1969
35,The Band (self titled),The Band,1969
36,Led Zeppelin II,Led Zeppelin,1969
37,Chicago Transit Authority (self titled),Chicago Transit Authority,1969
38,Hot Buttered Soul,Isaac Hayes,1969
39,Live/Dead,The Grateful Dead,1969
40,In The Court Of The Crimson King (An Observation By King Crimson),King Crimson,1969
41,Hot Rats,Frank Zappa,1969
42,Cosmo's Factory,Creedence Clearwater Revival,1970
43,Layla And Other Assorted Love Songs,Derek And The Dominos,1970
44,Black Sabbath (self titled),Black Sabbath,1970
45,Morrison Hotel,The Doors,1970
46,John Lennon / Plastic Ono Band (self titled),John Lennon / Plastic Ono Band,1970
47,Déjà Vu,"Crosby, Stills, Nash & Young",1970
48,Paranoid,Black Sabbath,1970
49,After The Gold Rush,Neil Young,1970
50,Led Zeppelin III,Led Zeppelin,1970
51,American Beauty,Grateful Dead,1970
52,Bryter Layter,Nick Drake,1971
53,Bridge Over Troubled Water,Simon And Garfunkel,1970
54,Tea For The Tillerman,Cat Stevens,1970
55,John Barleycorn Must Die,Traffic,1970
56,Fun House,The Stooges,1970
57,Sweet Baby James,James Taylor (2),1970
58,Abraxas,Santana,1970
59,Aqualung,Jethro Tull,1971
60,If I Could Only Remember My Name,David Crosby,1971
61,What's Going On,Marvin Gaye,1971
62,The Yes Album,Yes,1971
63,Who's Next,The Who,1971
64,Tapestry,Carole King,1971
65,Shaft,Isaac Hayes,1971
66,The Allman Brothers Band At Fillmore East,The Allman Brothers Band,1971
67,Sticky Fingers,The Rolling Stones,1971
68,Imagine,John Lennon,1971
69,Fragile,Yes,1971
70,L.A. Woman,Doors,1971
71,Madman Across The Water,Elton John,1971
72,Untitled,Led Zeppelin,1971
73,Pearl,Janis Joplin,1971
74,A Nod Is As Good As A Wink...To A Blind Horse,Faces (3),1971
75,John Prine (self titled),John Prine,1971
76,Hunky Dory,David Bowie,1971
77,Machine Head,Deep Purple,1972
78,Black Sabbath Vol 4,Black Sabbath,1972
79,Can't Buy A Thrill,Steely Dan,1972
80,Harvest,Neil Young,1972
81,Close To The Edge,Yes,1972
82,Transformer,Lou Reed,1972
83,Talking Book,Stevie Wonder,1972
84,Manassas,Stephen Stills,1972
85,Eagles (self titled),Eagles,1972
86,Pink Moon,Nick Drake,1972
87,Paul Simon (self titled),Paul Simon,1972
88,School's Out,Alice Cooper,1972
89,All Directions,The Temptations,1972
90,The Rise And Fall Of Ziggy Stardust And The Spiders From Mars,David Bowie,1972
91,The World Is A Ghetto,War,1972
92,Let's Stay Together,Al Green,1972
93,Exile On Main St.,Rolling Stones,1972
94,(Pronounced 'Lĕh-'nérd 'Skin-'nérd),Lynyrd Skynyrd,1973
95,Aladdin Sane,David Bowie,1973
96,Catch A Fire,The Wailers,1973
97,Selling England By The Pound,Genesis,1973
98,Let's Get It On,Marvin Gaye,1973
99,Head Hunters,Herbie Hancock,1973
100,Goodbye Yellow Brick Road,Elton John,1973
101,Countdown To Ecstasy,Steely Dan,1973
102,The Dark Side Of The Moon,Pink Floyd,1973
103,Innervisions,Stevie Wonder,1973
104,Tres Hombres,ZZ Top,1973
105,Billion Dollar Babies,Alice Cooper,1973
106,3 + 3,The Isley Brothers,1973
107,Bad Co,Bad Company (3),1974
108,The Lamb Lies Down On Broadway,Genesis,1974
109,Inspiration Information,Shuggie Otis,1974
110,Fulfillingness' First Finale,Stevie Wonder,1974
111,461 Ocean Boulevard,Eric Clapton,1974
112,It's Too Late To Stop Now,Van Morrison,1974
113,Court And Spark,Joni Mitchell,1974
114,Queen II,Queen,1974
115,Crime Of The Century,Supertramp,1974
116,Sheer Heart Attack,Queen,1974
117,On The Beach,Neil Young,1974
118,Pretzel Logic,Steely Dan,1974
119,Natty Dread,Bob Marley & The Wailers,1975
120,Grievous Angel,Gram Parsons,1974
121,Physical Graffiti,Led Zeppelin,1975
122,Toys In The Attic,Aerosmith,1975
123,Young Americans,David Bowie,1975
124,Marcus Garvey,Burning Spear,1975
125,Born To Run,Bruce Springsteen,1975
126,The Hissing Of Summer Lawns,Joni Mitchell,1975
127,Tonight's The Night,Neil Young,1975
128,Blood On The Tracks,Bob Dylan,1975
129,Wish You Were Here,Pink Floyd,1975
130,A Night At The Opera,Queen,1975
131,That's The Way Of The World,"Earth, Wind & Fire",1975
132,There's No Place Like America Today,Curtis Mayfield,1975
133,Tom Petty And The Heartbreakers (self titled),Tom Petty And The Heartbreakers,1976
134,Hejira,Joni Mitchell,1976
135,Boston (self titled),Boston,1976
136,Hotel California,Hotel California,
137,Destroyer,Kiss,1976
138,2112,Rush,1976
139,"Rocks""",Aerosmith,1976
140,Mothership Connection,Parliament,1975
141,Legalize It,Peter Tosh,1976
142,Songs In The Key Of Life,Stevie Wonder,1976
143,Frampton Comes Alive!,Peter Frampton,1976
144,The Stranger,Billy Joel,1977
145,Exodus,Bob Marley & The Wailers,1977
146,Out Of The Blue,Electric Light Orchestra,1977
147,The Clash (self titled),The Clash,1977
148,Aja,Steely Dan,1977
149,Talking Heads: 77,Talking Heads,1977
150,Rumours,Fleetwood Mac,1977
151,"Heroes""",David Bowie,1977
152,Lust For Life,Iggy Pop,1977
153,Never Mind The Bollocks Here's The Sex Pistols,Sex Pistols,1977
154,This Year's Model,Elvis Costello,1978
155,Darkness On The Edge Of Town,Bruce Springsteen,1978
156,One Nation Under A Groove,Funkadelic,1978
157,Live And Dangerous,Thin Lizzy,1978
158,More Songs About Buildings And Food,Talking Heads,1978
159,Van Halen (self titled),Van Halen,1978
160,The Cars (self titled),The Cars,1978
161,Dire Straits (self titled),Dire Straits,1978
162,Here,"My Dear.""",Marvin Gaye
163,Stardust,Willie Nelson,1978
164,Highway To Hell,AC/DC,1979
165,Street Life,Crusaders,1979
166,Reggatta De Blanc,The Police,1979
167,Fear Of Music,Talking Heads,1979
168,London Calling,The Clash,1979
169,Rust Never Sleeps,Neil Young & Crazy Horse,1979
170,The Wall,Pink Floyd,1979
171,Back In Black,AC/DC,1980
172,Fresh Fruit For Rotting Vegetables,Dead Kennedys,1980
173,Ace Of Spades,Motörhead,1980
174,British Steel,Judas Priest,1980
175,Remain In Light,Talking Heads,1980
176,Iron Maiden (self titled),Iron Maiden,1980
177,Heartattack And Vine,Tom Waits,1980
178,Arc Of A Diver,Steve Winwood,1980
179,The Poet,Bobby Womack,1981
180,Moving Pictures,Rush,1981
181,The Nightfly,Donald Fagen,1982
182,Pelican West,Haircut One Hundred,1982
183,Thriller,Michael Jackson,1982
184,The Number Of The Beast,Iron Maiden,1982
185,Eliminator,ZZ Top,1983
186,Synchronicity,The Police,1983
187,Meat Puppets II,Meat Puppets,1984
188,Diamond Life,Sade,1984
189,Out Of Step,Minor Threat,1983
190,1984,Van Halen,1984
191,Private Dancer,Tina Turner,1984
192,Born In The U.S.A.,Bruce Springsteen,1984
193,Brothers In Arms,Dire Straits,1985
194,Suzanne Vega (self titled),Suzanne Vega,1985
195,Rain Dogs,Tom Waits,1985
196,Master Of Puppets,Metallica,1986
197,Last Of The True Believers,Nanci Griffith,1986
198,Peace Sells... But Who's Buying?,Megadeth,1986
199,Reign In Blood,Slayer,1986
200,Throwing Muses (self titled),Throwing Muses,1986
201,Graceland,Paul Simon,1986
202,So,Peter Gabriel,1986
203,Among The Living,Anthrax,1987
204,You're Living All Over Me,Dinosaur,1987
205,Trio,"Dolly Parton, Linda Ronstadt, Emmylou Harris",1987
206,Document,R.E.M.,1987
207,Appetite For Destruction,Guns N' Roses,1987
208,Fisherman's Blues,The Waterboys,1988
209,Truth And Soul,Fishbone,1988
210,Vivid,Living Colour,1988
211,...And Justice For All,Metallica,1988
212,Bug,Dinosaur Jr.,1988
213,Pump,Aerosmith,1989
214,Nick Of Time,Bonnie Raitt,1989
215,The La's (self titled),The La's,1990
216,Shake Your Money Maker,The Black Crowes,1990
217,Rust In Peace,Megadeth,1990
218,Ragged Glory,Neil Young + Crazy Horse,1990
219,Nevermind,Nirvana,1991
220,Blood Sugar Sex Magik,Red Hot Chili Peppers,1991
221,The Low End Theory,A Tribe Called Quest,1991
222,Ten,Pearl Jam,1991
223,Metallica (Black Album),Metallica,1991
224,Rage Against The Machine (self titled),Rage Against The Machine,1992
225,Vulgar Display Of Power,Pantera,1992
226,Dirt,Alice In Chains,1992
227,Siamese Dream,The Smashing Pumpkins,1993
228,Whatever,Aimee Mann,1993
229,Emergency On Planet Earth,Jamiroquai,1993
230,Enter The Wu-Tang (36 Chambers),Wu-Tang Clan,1993
231,Illmatic,Nas,1994
232,MTV Unplugged In New York,Nirvana,1994
233,Dookie,Green Day,1994
234,Foo Fighters (self titled),Foo Fighters,1995
235,Mellon Collie And The Infinite Sadness,The Smashing Pumpkins,1995
236,Jagged Little Pill,Alanis Morissette,1995
237,OK Computer,Radiohead,1997
238,System Of A Down (self titled),System Of A Down,1998
239,Slipknot (self titled),Slipknot,1999
240,Californication,Red Hot Chili Peppers,1999
241,Hybrid Theory,Linkin Park,2000